jg,1
clc,2
fstps,3
fsubl,4
cmpl,5
mull,6
fcom,7
mulsd,8
repnz,9
jae,10
ficompl,11
fucompp,12
fcmovu,13
fmulp,14
psubb,15
divpd,16
sgdtl,17
fistpll,18
orw,19
setg,20
jne,21
fldl2e,22
fisubs,23
fstcw,24
sete,25
idivl,26
movsd,27
shr,28
fscale,29
fsave,30
pslld,31
vpshlb,32
jge,33
pmulhuw,34
dec,35
rol,36
shufps,37
fisttps,38
fabs,39
pandn,40
fidivrl,41
movb,42
divsd,43
negl,44
invd,45
cmpw,46
fisubrs,47
punpcklqdq,48
sub,49
pcmpgtb,50
"jg,pn",51
syscall,52
rcll,53
bsr,54
hlt,55
andnps,56
pand,57
setbe,58
idivb,59
or,60
sqrtsd,61
"jne,pn",62
psllq,63
roll,64
cmpltpd,65
inc,66
xorpd,67
cld,68
ja,69
shld,70
sldt,71
movd,72
cvtpd2ps,73
imulb,74
not,75
pmaxub,76
aad,77
psubsb,78
fcos,79
sahf,80
addps,81
fcomi,82
ucomiss,83
adcb,84
jmpw,85
popf,86
maskmovdqu,87
lahf,88
fxam,89
fimuls,90
movw,91
incl,92
andb,93
fstp,94
unpckhpd,95
fcompl,96
cvtsd2ss,97
fbstp,98
cmovns,99
pmovzxbd,100
"jns,pn",101
palignr,102
cmove,103
movsl,104
pcmpistri,105
orpd,106
bts,107
pshufd,108
prefetchwt1,109
and,110
fidivl,111
flds,112
sarb,113
divb,114
incb,115
subl,116
minps,117
fcomip,118
outsl,119
fadd,120
sti,121
"je,pn",122
idiv,123
fisubrl,124
testb,125
sqrtps,126
ficoms,127
por,128
fiadds,129
lds,130
div,131
unpckhps,132
pi2fd,133
fcmove,134
clts,135
fchs,136
lock,137
fdivrl,138
neg,139
fsub,140
pcmpgtd,141
imull,142
psubw,143
andnpd,144
rorb,145
cvtsd2si,146
test,147
shll,148
popw,149
cmovs,150
ror,151
ffree,152
fadds,153
cmpltsd,154
aaa,155
fisttpl,156
movsbw,157
shrw,158
fld,159
wbinvd,160
loope,161
movdqa,162
movlhps,163
fmuls,164
movlpd,165
movaps,166
setle,167
cmpltps,168
jl,169
jle,170
paddq,171
fstpt,172
cmpsl,173
shrb,174
pmaxsw,175
mov,176
movl,177
addsd,178
add,179
lea,180
subsd,181
cmovle,182
cltd,183
fldz,184
enter,185
cmpnlepd,186
andpd,187
fildl,188
notl,189
setns,190
fisubl,191
movzwl,192
incw,193
rorl,194
stos,195
fxch,196
shrl,197
cmpxchg,198
fiaddl,199
fsubr,200
subpd,201
fldt,202
fsubp,203
punpcklbw,204
maxps,205
btl,206
cmovge,207
jbe,208
movss,209
fldcw,210
movswl,211
movsbl,212
pmullw,213
rcrb,214
pcmpgtw,215
cmp,216
psubq,217
pextrw,218
addpd,219
sidtl,220
pinsrb,221
popfw,222
fdivs,223
sar,224
mulpd,225
cvtdq2pd,226
nopl,227
popaw,228
fmull,229
xorl,230
notb,231
paddw,232
movntdq,233
cvttsd2si,234
stc,235
psrldq,236
psrld,237
nop,238
fcmovb,239
jb,240
setl,241
cpuid,242
ud2,243
je,244
gs,245
jno,246
pmaxuw,247
fpatan,248
setae,249
xorps,250
subps,251
setne,252
aam,253
psrad,254
cmovbe,255
pcmpeqw,256
pshufhw,257
cvttss2si,258
bt,259
cvtss2sd,260
xstore-rng,261
fldlg2,262
negb,263
punpckhwd,264
setge,265
fstpl,266
pop,267
lods,268
fsubrs,269
ldmxcsr,270
movupd,271
f2xm1,272
pshuflw,273
rep,274
sbb,275
fdivp,276
psubd,277
adcl,278
fimull,279
pusha,280
fcomps,281
seto,282
fptan,283
insl,284
retw,285
movapd,286
mulb,287
sarl,288
bswap,289
movzbw,290
fstl,291
les,292
addss,293
ret,294
ds,295
fnstcw,296
fists,297
movlps,298
fs,299
testl,300
packssdw,301
fsubrp,302
pmovzxwd,303
fldpi,304
andl,305
cmovg,306
fld1,307
daa,308
pushw,309
aas,310
mul,311
unpcklpd,312
fcmovbe,313
sets,314
fdivrs,315
bsf,316
fldenv,317
jp,318
filds,319
fsts,320
pshufb,321
fistpl,322
punpcklwd,323
faddp,324
es,325
jnp,326
pminsw,327
ficoml,328
shufpd,329
jns,330
cs,331
fidivrs,332
fcmovnb,333
frndint,334
comiss,335
packuswb,336
"jecxz,pn",337
loop,338
fildll,339
jecxz,340
getsec,341
sysret,342
orl,343
xorb,344
cmpneqpd,345
push,346
imul,347
bnd,348
fnstenv,349
cmovae,350
fistps,351
movups,352
jo,353
fwait,354
js,355
pmulhw,356
sbbl,357
decb,358
ss,359
cvtps2pd,360
orps,361
femms,362
adc,363
std,364
fsincos,365
ljmp,366
frstor,367
seta,368
cmc,369
comisd,370
decl,371
fdivrp,372
testw,373
lretw,374
punpckhbw,375
psrlq,376
fcompp,377
mulps,378
arpl,379
sbbb,380
addb,381
shrd,382
psubsw,383
pmulld,384
movhps,385
shlb,386
pcmpeqb,387
popa,388
fprem1,389
movq,390
fsqrt,391
pmaddwd,392
cli,393
paddusb,394
fucom,395
scas,396
cvtsi2sd,397
cmpsb,398
orb,399
addl,400
pushf,401
int,402
fsin,403
stmxcsr,404
loopne,405
divss,406
cmovl,407
rcr,408
fistl,409
fldln2,410
paddb,411
fldl,412
into,413
insb,414
rolb,415
subb,416
iret,417
fstsw,418
xgetbv,419
mulss,420
pxor,421
andw,422
cvtdq2ps,423
addr16,424
data16,425
pslldq,426
lsl,427
fmul,428
cmpeqsd,429
ucomisd,430
lret,431
rclb,432
punpckhqdq,433
call,434
setb,435
rcl,436
movzbl,437
cmpb,438
shl,439
repz,440
pinsrw,441
pcmpeqd,442
ficomps,443
int1,444
out,445
loopew,446
jmp,447
xlat,448
fnclex,449
pi2fw,450
fisttpll,451
outsb,452
fcoml,453
subss,454
fsubs,455
paddd,456
movsw,457
cmova,458
fdivl,459
cwtl,460
pblendw,461
divl,462
xor,463
pmuludq,464
faddl,465
fnstsw,466
xchg,467
decw,468
ffreep,469
das,470
lcall,471
fyl2x,472
cmovne,473
addw,474
(bad),475
fsubrl,476
cvttps2dq,477
psllw,478
unpcklps,479
"js,pt",480
rcrl,481
movsb,482
paddusw,483
psrlw,484
leave,485
int3,486
pavgb,487
pminub,488
ftst,489
punpckhdq,490
pmovmskb,491
in,492
punpckldq,493
bound,494
divps,495
lar,496
fdiv,497
movdqu,498
cmovb,499
fcomp,500
fninit,501
fcoms,502
outsw,503
nopw,504
andps,505
movhpd,506
xorw,507
pause,508